{
    "epoch": [
        1,
        2,
        3,
        4,
        5,
        6,
        7,
        8,
        9,
        10,
        11,
        12,
        13,
        14,
        15,
        16,
        17,
        18,
        19,
        20
    ],
    "train_loss": [
        0.054927900433540344,
        0.01501164585351944,
        0.01082240417599678,
        0.009086202830076218,
        0.008730069734156132,
        0.007290566805750132,
        0.007667330093681812,
        0.008444465696811676,
        0.008656135760247707,
        0.006138649769127369,
        0.006946018896996975,
        0.005629202350974083,
        0.005195666570216417,
        0.006247780751436949,
        0.006444271188229322,
        0.005476092919707298,
        0.004632960539311171,
        0.004060206934809685,
        0.005192972719669342,
        0.00496404804289341
    ],
    "train_acc": [
        0.1875,
        0.375,
        0.5625,
        0.625,
        0.625,
        0.5625,
        0.3125,
        0.5,
        0.375,
        0.5625,
        0.4375,
        0.625,
        0.625,
        0.375,
        0.4375,
        0.4375,
        0.625,
        0.875,
        0.6875,
        0.625
    ],
    "val_loss": [
        0.028563182801008224,
        0.01098291203379631,
        0.008388323709368706,
        0.007364359218627214,
        0.006808668375015259,
        0.006367083173245192,
        0.00618378771468997,
        0.005744599271565676,
        0.005960394628345966,
        0.00571410683915019,
        0.0057976036332547665,
        0.00551877124235034,
        0.006285861600190401,
        0.005628827027976513,
        0.00655016303062439,
        0.005250863265246153,
        0.006371731869876385,
        0.005153128411620855,
        0.004360715392976999,
        0.0043614711612463
    ],
    "val_acc": [
        0.40909090638160706,
        0.4204545319080353,
        0.47727271914482117,
        0.5227272510528564,
        0.5,
        0.5227272510528564,
        0.5681818127632141,
        0.5227272510528564,
        0.4886363744735718,
        0.5795454382896423,
        0.5340909361839294,
        0.6022727489471436,
        0.5681818127632141,
        0.6363636255264282,
        0.6022727489471436,
        0.5568181872367859,
        0.4886363744735718,
        0.5795454382896423,
        0.5795454382896423,
        0.625
    ],
    "val_margin_score": [
        5.094038009643555,
        6.047523498535156,
        6.313296318054199,
        6.421288967132568,
        6.530540943145752,
        6.567912578582764,
        6.610382080078125,
        6.714806079864502,
        6.733872890472412,
        6.813805103302002,
        6.82290506362915,
        6.876143932342529,
        6.834573268890381,
        6.982590198516846,
        7.0119853019714355,
        7.0218892097473145,
        7.021409511566162,
        6.971789360046387,
        7.0085530281066895,
        7.072341442108154
    ],
    "lr": [
        5e-05,
        5e-05,
        5e-05,
        5e-05,
        5e-05,
        5e-05,
        5e-05,
        5e-05,
        5e-05,
        5e-05,
        5e-05,
        5e-05,
        5e-05,
        5e-05,
        5e-05,
        4e-05,
        4e-05,
        4e-05,
        4e-05,
        4e-05
    ],
    "temperature": [
        0.19903695583343506,
        0.19799159467220306,
        0.19719445705413818,
        0.19651372730731964,
        0.19587676227092743,
        0.19524694979190826,
        0.19462361931800842,
        0.1940009593963623,
        0.1933794617652893,
        0.1927635818719864,
        0.19214960932731628,
        0.19153103232383728,
        0.1909109205007553,
        0.19030001759529114,
        0.18968506157398224,
        0.18918515741825104,
        0.18869569897651672,
        0.18820931017398834,
        0.1877121478319168,
        0.18721270561218262
    ]
}