{
    "epoch": [
        1,
        2,
        3,
        4,
        5,
        6,
        7,
        8,
        9,
        10,
        11,
        12,
        13,
        14,
        15,
        16,
        17,
        18,
        19,
        20
    ],
    "train_loss": [
        0.011068456806242466,
        0.006624000612646341,
        0.00672793248668313,
        0.005334935616701841,
        0.004728819243609905,
        0.004351681098341942,
        0.004987279884517193,
        0.004042011685669422,
        0.003605831181630492,
        0.00326637364923954,
        0.0036300206556916237,
        0.002768684644252062,
        0.002692957641556859,
        0.002353021176531911,
        0.0016312802908942103,
        0.0017465752316638827,
        0.0017107585445046425,
        0.00195381254889071,
        0.0014945132425054908,
        0.0014332311693578959
    ],
    "train_acc": [
        0.5,
        0.75,
        0.3125,
        0.625,
        0.6875,
        0.5625,
        0.5,
        0.625,
        0.4375,
        0.875,
        0.5625,
        0.5625,
        0.5,
        0.5,
        0.6875,
        0.8125,
        0.75,
        0.625,
        0.6875,
        0.75
    ],
    "val_loss": [
        0.008093662559986115,
        0.006124518811702728,
        0.0054826876148581505,
        0.004936483688652515,
        0.004639150109142065,
        0.004638639744371176,
        0.004257671535015106,
        0.004713552538305521,
        0.004832838661968708,
        0.0041215065866708755,
        0.004161262419074774,
        0.003903321223333478,
        0.006630911957472563,
        0.007651242893189192,
        0.007058105431497097,
        0.002207183977589011,
        0.011715319938957691,
        0.011668714694678783,
        0.0018290361622348428,
        0.002155089983716607
    ],
    "val_acc": [
        0.3734939694404602,
        0.46987950801849365,
        0.5060241222381592,
        0.4939759075641632,
        0.5662650465965271,
        0.5903614163398743,
        0.6987951993942261,
        0.5662650465965271,
        0.6144578456878662,
        0.6024096608161926,
        0.6265060305595398,
        0.5421686768531799,
        0.6626505851745605,
        0.650602400302887,
        0.5542168617248535,
        0.6626505851745605,
        0.6024096608161926,
        0.5662650465965271,
        0.6385542154312134,
        0.650602400302887
    ],
    "val_margin_score": [
        6.303033828735352,
        6.5885539054870605,
        6.758618354797363,
        6.921445369720459,
        6.998468399047852,
        7.084627628326416,
        7.306042194366455,
        7.412830829620361,
        7.357235908508301,
        7.406836032867432,
        7.687424182891846,
        7.6341986656188965,
        8.035301208496094,
        8.049026489257812,
        8.00731086730957,
        8.115589141845703,
        8.170673370361328,
        8.190719604492188,
        8.118898391723633,
        8.167289733886719
    ],
    "lr": [
        8e-05,
        8e-05,
        8e-05,
        8e-05,
        8e-05,
        8e-05,
        8e-05,
        8e-05,
        8e-05,
        8e-05,
        8e-05,
        8e-05,
        8e-05,
        8e-05,
        8e-05,
        6.400000000000001e-05,
        6.400000000000001e-05,
        6.400000000000001e-05,
        6.400000000000001e-05,
        6.400000000000001e-05
    ],
    "temperature": [
        0.1970193088054657,
        0.19486694037914276,
        0.1928347647190094,
        0.19081883132457733,
        0.18877854943275452,
        0.1867978572845459,
        0.18485905230045319,
        0.18291816115379333,
        0.18103663623332977,
        0.17920714616775513,
        0.17741017043590546,
        0.17563486099243164,
        0.17393308877944946,
        0.1723128855228424,
        0.1707383543252945,
        0.16948527097702026,
        0.16827918589115143,
        0.16709882020950317,
        0.16592292487621307,
        0.16474102437496185
    ]
}